feature1,feature2,feature3,label
-0.2654849651250774,1.3411165034429198,-0.19506982543270787,9
0.9383954658897199,-1.2536388489663202,1.1837278298084453,5
0.8371793990909264,-0.11497003600796207,-0.004186455062584248,6
1.9456957681223197,-1.3313091362789178,0.09726920586530349,3
-0.5237624431470599,-0.8449232548754362,1.037628660581722,4
0.6547407709988712,1.5830823633192597,0.09516570252042995,1
2.1488511422504075,0.20467952420258978,-0.2414462504254934,7
-2.428635306098012,-0.44044193264694664,-0.2939796274896104,0
-1.6154284905859222,1.168670272324474,0.7770996341329367,8
-0.2724040343773075,-0.031289691798961884,-0.4197917082691075,9
-1.5053999390832455,-0.08145552246277249,0.5843081745613429,7
-0.7289991739492809,-0.3912927627723312,1.5303344250493904,5
-1.36764980766484,-1.937202925381692,0.8428399230640593,8
0.02412983310885471,1.9059012739795111,0.6177528302687859,2
1.915280770165098,0.5804950781404731,-0.7576242237226564,4
-1.7142560674284282,0.9532930105819398,0.017871036345707206,1
-0.42333786055265304,-0.3989973107355858,-0.18743609820092944,5
0.032708060591086524,0.7011824516946201,1.1668143118997891,1
-0.5459177455113889,-0.8621104797815572,-1.414507802045128,3
-1.7362704820543398,0.46306569610384657,0.5440907233422206,2
1.257481635727679,-0.3127222062411478,0.6723615158963265,7
-0.5064189209042325,-1.5297338827607476,0.46389075314510686,2
0.7273599741958667,-1.5162262823495447,1.1016174232155125,5
-0.228879039798678,-0.9201291766950322,1.4147324963883205,8
-2.4740958845175562,0.0694825350697758,-1.5725125698046134,5
1.856562787836521,0.11496436313776198,1.154912169102882,4
0.032883971652781105,0.1332934676890911,1.2461588841745581,2
0.8124256341158943,0.08165101139453149,-0.1682150769100771,2
-1.0722861688627927,-0.6746881125395817,0.9197578974198339,6
-0.1738942186013383,0.18253075836733607,-1.1141884675400677,4
-0.7636904015879467,-0.5924715332996557,0.7998492576212978,4
-1.0466218466036519,-0.8215276987368134,-0.254257422775033,2
-0.3720222335564034,-1.1549106457866185,1.9736789129444032,3
-0.14237043451930656,-0.5075334013720704,0.33852938900645535,2
0.7690518726173737,-1.5684721257273708,-1.0192255669118298,1
-0.8774830339927681,-1.326777954706232,0.5530115147187775,9
0.25104813196539316,1.0108183789669407,0.6071877373421523,1
-0.23308698784975868,-1.09291881159024,-0.773094601917724,9
-0.994745994195965,1.5376556547448044,-0.9560277401050331,6
0.7432674644354534,-2.0654871462359434,-0.903393998310796,3
-0.04072400068688034,-0.4812493293748024,-0.13178952611671055,2
1.4781679043286007,-0.014931439860990874,0.03641901965112065,5
0.05918812075420014,1.0245437079750457,-0.17277538247351393,0
-0.6003555399163996,-0.446277746061845,-0.47179163284676,2
2.0896833436106386,-1.1356011395418977,0.7318927064665657,5
-0.6999700572782004,0.6557275635919082,-0.3786113065289185,3
0.6367658935182672,0.9384607738531033,-0.8658934501832348,3
-0.06811128223061814,0.6675577981064287,0.14800248410543207,3
-1.0135186564030505,1.4054291606309546,0.256550140450433,4
0.4714305333747286,-0.05392480572128745,-0.7354585568371002,1
-0.5163512011531305,-0.22682699355898409,0.5701296790061089,9
1.7866120781580979,1.165827162188711,-0.16107972179097746,7
-0.6363407804446046,0.06691294298212466,0.21806052313949967,0
0.9647378276689227,0.17484425873209308,-0.21168827268574972,9
-0.6894045255916094,-1.8139183199120317,-0.5611818222627154,1
0.7842930877277874,-0.5387249366210123,-0.9439832749813751,3
0.12429120997604323,0.2265349307542779,-1.257878299315752,6
1.1026046627996877,-1.444820133267665,0.2978281547683953,8
1.2816600929607966,-1.4087082854051836,0.4011512896076862,4
-1.5828275134105567,1.4593586685983406,1.0602473991393542,3
0.5824041702327547,0.8865408470228324,-0.7557657055039678,4
0.5192013648567302,1.032428230785213,2.0943749247426484,7
1.8235287724829292,2.0915165751746785,0.4920777544106753,5
0.5722406438539813,-0.8988081530851083,0.002085133609033955,2
-0.8332808712603297,-0.795055608370055,0.7596673415364539,2
-0.6862119523289258,-0.10235553471260979,1.5637432526118458,1
1.024056312102235,0.5401272952946404,0.593771291711391,5
-1.1316513397307666,0.3647680023804409,0.8125794655663718,6
-0.5729369755848933,0.8664552019946261,0.3028244962012082,2
-0.34444129993407246,-1.1689067331023224,-0.4394911890344693,9
1.8672924493891099,-0.3199801396795142,0.0639094424536454,0
-0.03130748280618817,-0.29521373334503626,1.1572276957160739,3
-0.02404297338097307,0.5526751756589587,-0.1876330198219725,9
-1.0555093636947783,-1.4152772520549406,-0.13996326452474006,7
-0.2775766277918418,-0.9615434513022354,1.1366736412718734,8
0.9242670602254492,-0.45684510642205906,-0.5128872062970243,3
-0.46556235527916306,-0.0705611704420781,0.6228200627557262,3
0.6106484514745784,-0.37595095205841567,-0.31069669088391005,5
-0.32369924444070874,1.433493787665726,-1.8988496492369973,7
-1.4857222936244114,-0.5881084329105577,0.2615382613415823,9
1.168101358772528,1.8625966194527548,1.4461863518348987,3
1.3067301171891539,0.7159113688558284,0.7208599571938341,3
-0.07479938523201066,0.5400975752542932,-0.14948427098527578,4
0.7203462859481653,0.6920885850496397,-0.23814112892603867,1
1.6514263415000405,0.1570567518267737,0.15046131910297592,8
0.21369429702099496,-1.256567206959029,-0.46865466845486403,6
-0.05101733643655322,0.8618370466797763,0.39907808808281653,4
0.8587623301245172,-0.1812792988885942,-0.8625878018348305,4
-0.06471107592325202,0.7566076240242618,1.2474314997504858,4
-0.3837674677150972,-0.11416940967848646,-1.10745780484846,1
0.2710462512905468,0.5877566468457911,-0.35896368995594796,7
-0.3699437040455659,-0.09282735476354852,-0.41533084786998453,9
-1.3543019938606242,-1.6246743733466802,0.13233055616036568,5
0.2062885786501853,-0.6728809026422409,-1.4352590117471935,9
1.2562357036315888,1.1779236268655642,1.5301165638713605,5
-0.48387696881929354,0.29961642640019936,-1.0742849346495644,9
-0.25248185280760344,0.9453364036565959,-0.5102061873951602,6
0.10596097705656592,1.0457479036690822,0.10707925713847735,9
-0.05281765875147037,0.02873945416078886,0.41277795313700705,0
-0.4877418177517886,-0.6740411457760963,0.381625623142206,7
2.1839681796520716,-0.17829840302338967,-0.8749864421704601,4
1.5249037744952918,2.4012589423486452,-0.25871763915343987,0
0.3222709926633944,1.4077065610084767,-0.43304298018444604,3
-0.4042866245826787,0.5187287991957882,0.40844242998969943,4
1.059962865574867,0.8267728793450547,-0.550578254133881,5
0.653047037499431,-0.8362461310008209,-1.481363830055556,3
-1.6719735415356571,-0.5048715912623044,-2.9060763329159376,5
0.45047953737049434,-0.06199486233641803,0.11667828074094579,2
-0.9523315839138499,0.32117827922808706,0.1033512087096978,6
-0.060225435626880194,-0.950285478830515,-0.2941283768890171,4
0.7952420455754284,0.08721984421974407,0.3355709198644659,5
-1.103303893534916,-0.05709990714718583,1.973525671865463,4
-0.3409223222498061,-1.6032433372670551,-0.32637422045936443,8
-0.08041336834957255,1.985523310410733,-1.1076364119422162,4
1.4529618416721435,-0.7765499717342635,0.019314702187347144,0
-0.2843241304908009,-2.5328457122827355,0.8784699010043356,6
0.5649703673091009,1.0703131558796999,0.7719985755850646,4
0.37499142850832734,0.6114994209788638,0.08423350333920218,7
-1.9910562600963813,-0.19563938057075586,-1.7977239306476664,8
-0.31693927334345334,-0.35707952143010907,-0.3249296374239419,2
-0.16840549772563873,-0.26852559845884033,-1.3379987780837996,1
0.30690717656532784,1.7024367531003175,-1.4896264205586611,1
-0.6766804087796638,-0.23082662904443804,1.251448555777693,3
0.6790590557379944,-1.524701831169887,-1.5456423397260846,0
-0.5889844236950923,-0.4874293296213519,-0.8401484467124752,4
1.5684514403260894,0.5212484730669669,-0.883667473707935,8
-1.3808122521583754,0.08257559246171639,-1.4744885420984004,6
0.6583867486122815,0.8362685898480896,-0.6871547137238297,6
1.3863689138406954,-1.3091955035826672,1.0543656563745802,5
-0.8552260727979853,-0.2806424032620961,0.5063209535794791,4
2.160489498470565,-0.8486945319564253,-1.1670989774980434,3
0.12361254746312116,-1.3006701132830856,-0.34753823453801447,3
0.2786579085607783,-0.08657098782928524,0.6664526292860847,7
-1.5284151387930196,1.4865246316073812,-0.6975603693404242,9
-0.717766609120152,0.2573606979271329,1.3797485430708702,1
0.5869581279484996,0.2643031658151622,-0.8449896662946098,5
0.2125682928898886,-0.34546956600811995,0.04239306919474679,2
1.278481501779735,-0.21027774953386932,0.7243536907448315,1
-1.1457341522356053,0.6044611791882949,-0.1528274979494967,8
0.23066734395020158,-0.9797799844273212,0.04683702270790885,2
1.1305537232468492,0.4229156600498869,0.4606605747760305,0
-0.2870396574546228,-0.7728206450954536,-2.3468550401506367,5
-1.4784799818972203,-0.4336710202758103,-0.5819754295174853,8
2.0487994010543824,1.1328878890340683,1.1575892963888053,4
0.23704973896755996,-0.2556326594313362,0.8596439039198953,0
1.2013778093160319,1.286329349257058,-1.1115067214210919,6
2.467079604037792,0.2258737528937922,1.4829858827442715,9
0.05011719576447056,0.7259871202407414,0.2212591344497648,8
-0.08010579070469322,0.9144264422581684,-0.9765757624164143,9
-0.16823987269782434,-0.6961519656683242,0.6208383643705475,7
0.5284047208344184,0.8832536702940041,1.2896801194223464,9
-0.38536302432057573,1.165444057094668,0.7856159163771744,7
1.8853147330340856,0.16790711606782013,1.301033515559532,4
-0.17193376344004352,0.7639633160590125,-0.18372291565667317,6
-0.8793971691652694,-0.39959516227573294,0.7404984915165667,2
0.7129178776469265,-1.3751338716486348,0.0810458086687432,9
1.044269378590166,-1.5346194436320606,0.39136137900524914,4
0.8892398283082977,-0.1988093894324287,1.031862827520838,2
0.12994659262411126,1.2305263415963454,1.5093666760058855,3
-1.5363436718124766,-0.23566277583881332,-0.32923717892248594,6
-1.1192886311852948,-0.08863756960745976,-1.1566814583060019,2
-0.6785239502731538,-1.4155213565116327,-0.8354652266610656,1
-0.04066612807722038,1.35829614179391,-0.31188479905385097,6
2.024205878020895,-1.3629251798883277,-0.4231582341507871,5
0.9813423070507257,1.466816123499071,0.9810609916688546,3
1.3474224517589546,-0.21871541128000116,-0.08887682615746306,0
-0.17927774154932513,1.7614717589008568,-1.4389888975970804,2
-0.6415317044065755,-3.067432728572408,-0.12610866289702732,2
-0.12427950461002042,0.49974703518120994,0.9383211775661903,0
-0.4644908417045456,0.724778009580894,-0.6555640891002705,9
-1.8625298173993554,1.4324151075113867,0.24582888371580147,1
-1.027610749332583,0.548700754954748,0.28113108169390255,3
-1.8273800324705134,-0.18856610228228424,0.03720652813529703,6
0.9637826160953005,-0.6261287220232031,-0.03151077181788708,5
0.5843437930772797,-0.4604705282400718,0.3731855518088948,0
0.5660224360969124,1.5328665580379903,0.47405878332319457,7
-0.13787721292009633,-0.046486761487039084,-0.7637459210537842,9
-0.7989289089453248,0.3606846511747703,0.11167566960098899,9
0.6817852422274475,0.38898434189763303,0.9329189474058129,0
-1.5970233385868111,-0.15413832746894698,0.13279056457989372,6
-0.01158544618098686,0.45788776524738284,0.4574431457461248,0
0.405932498511493,1.2781130992813918,-0.31880776117786297,1
3.0855137405790223,-1.1996272742580454,-1.6589458045380874,7
0.02313523371198964,1.8682407668702106,-0.8432943231823956,5
1.5184511075040625,0.17568206812443501,-0.44897744522908123,5
0.27975954840852196,-1.8662138805379036,0.9366242281013258,3
-0.42781108539762674,-1.5281240373113185,-0.5273975329012087,2
-0.8874489420972638,-1.7923994929776843,0.25278019959353376,2
1.3346777448122993,0.2973000161494709,-2.4239325897674533,7
0.33595833429493566,0.5880883853911297,-0.09458796283348894,3
0.818613360578769,-0.7130520528214701,-0.28805693327957876,6
0.8014334538030959,0.6839717712069527,1.474258952090181,3
0.09809273912004528,-0.6740703729404102,0.865843243293839,9
0.35225256078185696,1.0496848510271652,1.7314998050085604,7
-0.5448961964171866,-1.4137456681270242,-0.08748055432683387,3
0.18117443446087053,-1.1444759461625937,-1.0322972173028953,3
0.7316544407063026,0.09348155590473904,3.3482715986718103,9
0.24747048877469408,-0.40198970911443194,-1.17675060761003,2
0.21344938976823521,-0.21727440283692473,-0.12347325317236223,2
-0.6679932509112844,0.3601137270187096,-1.0790050990564104,2
-0.7076477743187849,-2.5513499087935836,-0.4107944694812947,5
-0.6940493449245473,-0.281364947562388,-0.25608208943741173,3
0.2399426968003532,-0.08600102080725015,1.8028515289801013,0
0.037708493587303965,-1.5901959677850857,1.2825758712197732,7
-0.409964673671453,-0.6433737591642296,0.8141493972964574,6
0.20369261912164355,-0.5412724269759948,-0.7309494948536588,6
-0.04784103509288554,1.3793969690808556,-1.471008315978902,2
1.2517517284273498,1.161633616578068,-1.6347544231181235,8
1.0563263532207359,-0.023930659378384,1.4970506123509557,0
-0.47917740235353734,-0.014068656775230799,0.6608437519945183,5
0.871297230626269,0.18210432880910205,-0.7590575037814821,9
0.023033100464436303,0.5440251387346412,-0.8576528728013495,5
0.312016860747454,-0.8649825964973326,1.2643619905823917,7
0.9384848411965802,1.7875451704363547,1.4966537082094973,5
0.13821833549201823,1.7160170643229251,1.6921057346159065,0
2.440081078632464,-1.8926677456444891,-0.4407044156505735,3
0.21160994021855425,0.06755238243995967,-1.166346748375619,9
-0.9339406254179291,-0.19042915362063545,0.6421238889002433,7
-1.370436337058236,-0.3158695709287244,-0.4073389630048801,2
0.953294055371335,1.540083765399785,0.5151245904505416,8
0.9574947632135067,0.9986023464050512,0.29903273669412084,9
0.3328252473100739,0.9238983650844727,0.24223629511476635,1
-0.7039310247730285,0.9664626906578547,-0.28762984757892407,8
1.191436586922314,-2.0845108071170215,-0.31604812901522844,8
0.1674281393037183,1.167138234607015,0.7356036751054221,5
0.20463753930066306,1.0435064954499642,0.031090832758325356,4
-0.005159655409582379,-0.04653116750421285,1.1920664213939107,2
-0.3718547350914522,-1.6996003906340627,2.4026128491260703,4
-1.6295504647643069,1.1456132420581642,-0.3882195639536528,3
-1.0150337245683299,-0.5858541474484411,2.0947235585413044,2
0.9662837952960154,-0.2414574310116476,-2.099311340500468,4
0.19453924871781494,-1.152773767525332,-1.0817066628890806,3
0.8548436008079995,-1.3777272697433616,1.4345895027317317,2
0.9753741208647394,-0.2233630336893562,-0.12905946905926222,7
-1.0419205035577117,-1.1614835187451973,-1.274602016528593,3
0.2080514775367522,0.5224744664634392,0.37416275657197257,4
0.9447385303304824,0.9042102682456773,0.4281838691452047,5
1.7367028397930533,-0.4523303649356311,0.24153983539478716,1
2.0586760618126334,2.9464629148719252,-0.38028632428983933,1
-0.48221356967211726,-0.6374878699964819,0.4368785196479455,2
0.47941062524967365,-0.15767159920273846,-1.4588203778972901,2
1.4851183972863526,1.2781424349572046,-0.4202742565217259,6
1.2818947780852894,0.2833899936833922,0.35861465092309885,4
2.047979053984371,-0.7937185182678519,-0.043006367575078766,6
1.254053333372705,0.8542975955064751,0.18825125879765273,0
-1.462001229252668,-0.43406480643003975,-0.008111887157533318,0
-0.24017978194235054,-1.1425280894389778,-0.24710601497675944,2
-2.8032223297821868,1.4558727370430091,-0.9997997095095694,0
1.710978461490497,0.11693009382223556,0.7070603049167623,1
-1.697152644060067,0.6982630329374598,0.49394896799910315,9
0.5832666277298282,-0.01250193369222774,1.1624390973104606,7
1.8760379151110635,0.5796030486801101,0.056314470742541416,7
-1.7428714419734852,0.15636439402526991,-0.3894376604137168,7
0.26007513652555553,-0.36569031376103817,-0.40769912893123533,6
-0.6021748689491481,-0.2999251417910398,-0.5363315175811209,3
-1.0762355365425817,-0.09826938072006319,-0.9765446731827052,8
0.767245283569861,0.003452035470012254,-0.42137435443591764,9
1.8661631905392246,0.4331448714115122,-1.9592490775537301,5
-0.6297662416700789,-0.9773003335839108,0.21364078222095875,7
-0.8108007545232199,0.8297576909402156,-0.49592910013309716,7
1.7626207764374122,1.8886845440031708,-1.2160940133302933,8
1.5777505514583758,-0.35213255605862837,0.5581122842946162,6
-0.5908997731223556,-0.6625090746512325,1.2287222483246873,4
0.36941252971240174,-0.39016453894756353,-0.8220675254454493,4
-0.05642466034857765,-1.0026985918536029,-0.47966209994796516,0
0.6637570459698512,-0.7432710375914421,-0.31833478688562683,3
0.8338426462039333,-1.4725512567356447,-0.9105865822332255,0
-2.081249278705879,0.4154129164189013,-1.1789839440505354,4
-0.512969642225097,-0.037521804053654184,0.5483851463902363,5
0.7843491965257374,-1.0609382531144007,-0.30967459383313845,8
0.5242976112554976,1.1542354811307256,-0.12747181055378276,0
1.3115252983619492,-0.07105550565540883,1.2556939580429747,7
-1.230393819756507,-1.3381852458315742,-0.05610015363442663,1
1.0440963219900992,0.7465155411674642,0.862444271398367,0
-0.7347343485270861,-1.5031367342586757,0.9677413084402946,0
0.4405154235380046,0.9421662258402537,0.2431639683666513,1
-0.7418580570831196,0.9951820645489253,-1.7596029824067163,8
0.15565474096865228,-0.09599014359960721,-2.7392263161368033,3
-0.11063075246288526,3.001910967937988,0.9317836797211893,3
1.3782251062342614,-1.2557314395467234,0.29893629167861935,7
0.4379613383901626,0.6052433629718226,0.9739668392242953,9
0.4764614447430836,0.38154037619212533,1.0645653641136066,1
1.3269271499572317,1.4090316230031203,0.16762734665248422,1
-0.7714532844795965,2.2330646669617598,-1.0072801109086713,2
-0.004075309117721488,1.6348909064060348,0.5785312336987906,2
-0.27019878839011646,-0.2521141514918586,2.9087266827014573,4
0.1978159354093299,1.3202002789652918,-0.6694892932003766,0
1.7384113203871878,-0.020100642402499518,-1.8652527001571366,5
-1.30161815059459,1.5633266379988533,0.21366623628328654,4
0.25323819601529396,-0.2998780694277252,-1.124126321726613,4
-0.4171721179460376,-1.4437933091748416,-0.5536150281521305,9
-0.1877857044564306,0.4387267762871547,0.5333580321385032,2
1.078642089904156,-0.5103255220014808,-0.8833958858720893,2
-0.6160614216352667,1.264013052016142,-0.37432258310120564,8
0.6167466071808031,-0.7486392161617452,-1.2485516479629737,9
0.06002161223514768,-0.8783870691217519,0.5180358195133421,6
0.37734322980945967,0.5285139811852135,0.7654451803209118,3
0.06890158828996892,1.8248540896907015,1.0911367706081139,9
-0.9145219742686804,0.47388029578424984,0.5603041175300347,4
-0.954697222574469,0.0077049828143514534,1.5202526485807153,7
-0.6542531995687275,-0.4771843556252113,0.8592931820252344,0
-1.7209597395379044,0.026156754371109314,-0.8026285401033484,0
-1.391389495436857,0.382693813477014,-0.9047231077141644,1
-0.03892808345432716,1.8320948712489031,0.4875585748621819,0
-0.32720501261252316,0.6734330906275536,-0.3930426194243913,0
-0.2462246577619581,-0.6956753851971228,0.014820347163492321,8
0.9613816349361143,-0.14884958920204783,1.4716099558082412,2
-0.8071506179546317,-0.09224442469452704,-0.40392717607210876,2
0.13987654560627344,0.634816656472806,0.15559394991292683,7
-1.0196828059072895,0.8884076810313976,-1.1190390194293462,5
-0.7304137661182941,0.8343767186150318,0.7919314344780215,3
-0.7045064292064791,0.3773489181269521,1.0574215855436762,4
1.449683539654279,-1.8650468173072705,-0.5421475569144055,6
1.8215743605571368,0.42450768055980453,0.5134086319860013,2
1.1921795569807727,-3.2705379576018507,-0.7106121324926455,2
0.6500349941974056,-1.0283121435839142,0.8263222534673362,8
-0.9640457742634019,-0.2838909129910058,1.405032082326208,0
1.719368859568625,0.8949965055966522,1.2519357772267348,9
2.2059944438272714,0.1718193149949408,-0.2146019868277504,4
0.402766776585829,0.8176977778660249,-0.5577931141689765,8
0.1658150529433948,0.29776370850111256,-0.3361624423347738,3
-0.529357080750275,1.208152700215458,0.6930822404135552,9
0.8877727395564635,-0.6201166597309995,-0.369516658831726,9
-0.06857282738009648,-0.63484645065531,-1.8515888075177116,2
0.5436756392164915,-0.6709049924321798,0.2335285903408032,3
-0.1176252685345141,-1.217674306025406,-0.1950264512946728,2
-0.5239487832772749,0.6479630696267435,-0.42190677590623826,4
-1.0777281810331327,2.7456390145106226,0.3239035025445614,7
-1.09622596090008,0.8361380905684619,-0.8674733542245914,6
-1.7795629521480865,-1.2219118117461827,-0.4397290113538521,9
0.4964387375025817,-0.8391006030166933,1.5800423209877688,9
-1.8940419921989595,0.4252644756505869,-1.1663717495910164,9
-0.44011825506970986,-0.3099606427181049,0.8620150456713291,7
-0.28003856211561357,0.7287919487038566,-0.7823260625146151,1
-0.052562288880521536,0.3168806631117361,0.09793253345228922,2
2.5231898482079496,-0.2836060452887851,0.409700475161441,2
-1.3506758378125023,-0.8615657344437662,1.2078233704040788,3
-1.4958639393969893,-1.0031038055656059,-0.8713372672533127,5
0.23681490254778798,1.5540188432673874,0.5425411836048929,7
-1.0735125648365973,0.7385795326136737,-0.33223149309942535,8
0.6242448656595052,-0.6499178623029612,-0.4512674013483812,1
-0.5621250631614784,0.16678739920676142,1.4824899120380644,5
-0.9725167932380149,-0.035659050495114746,0.7062817400665838,5
-0.6188636245690415,-1.579974760096201,0.8297264118476809,9
0.6823770530277199,-1.1384543537676386,-0.6358986515285318,0
-1.0926605998429952,-1.4497245709132627,-0.1796662933729533,6
0.07499274223671325,1.0041524959510453,-0.4002079730864076,0
2.769014801456782,-0.33979746476685924,-0.5997516878602013,2
-1.643243758050526,-0.18861078688509006,0.1030280125996343,2
-2.9324346786794004,0.7843318992366495,-0.4446191079235047,4
1.2512430549818527,-1.743625939300165,-0.2030719104610613,7
0.18665907434807238,1.4904040086677404,0.871775687858104,3
0.538913002290085,-1.6401402660056876,-0.6875254706894257,7
-0.17615973527404846,0.16606491023522044,0.35685249271105557,2
1.7908035101110327,-0.17420559448589173,0.888919899821315,4
-0.6285245296936434,1.922225949780791,0.5041980587523998,1
-1.3871915254483491,-1.7166039590476683,-0.37084059649006146,7
0.03705280099671383,0.008295434418419604,1.0169624774848411,2
0.4586763184192269,0.7830400416166527,-1.6274633887267298,4
-0.024639005911551628,1.2084030574178366,1.1436189938347268,2
-1.341624276131094,0.3503141098930519,-1.7228302246831135,1
-1.5244364034422406,0.47885919808603455,-1.180094261390421,7
-0.6736476772571979,0.2212527111644414,-1.1132435171562034,3
1.0274757985873424,0.35750288339431113,0.5128486311771343,0
2.044765066311705,1.4350561091498226,-1.2711597794964529,9
-0.8670707003998194,0.23846731860741083,1.051023877678453,5
0.35570139857650296,0.008228556851567969,-0.03185687625347264,5
0.08162921110630313,-1.8517384131840906,0.6523727656762901,7
-0.31735712083166145,1.3826425248902714,0.6204178451225969,3
1.1919034979718162,1.1325448260552722,-0.31728350634727287,8
1.4287302133406665,0.3032879914045136,-1.373806870793234,9
-0.6978225002697868,0.6243731469298104,0.21790374606039908,8
-1.0624099559516615,1.5442260495088105,1.327203022273884,8
0.03108006302110067,1.4446969419045588,-1.7180189279240097,3
-0.1362213884062172,0.29156963625551785,0.4889710039587545,0
-0.14699682558485774,1.1904095869042508,1.3044761432426462,5
-1.0483153751864853,-0.9542537626424616,-0.5749421996074813,6
1.2461639377490168,0.6010879235824315,0.4709422466389073,9
-0.4615035536179566,1.3745456522161679,-0.5032878435347244,4
0.17678591973342592,1.4824422700351358,0.8768142105694746,8
0.3052532935145792,-1.0914913498990186,-0.3737864493140679,8
-0.030922047461966175,1.567423320619254,-1.1336278453801922,6
0.8977356012105854,-0.32067091261967884,-0.9615942223827214,4
1.3968939673560117,-0.14800109764808012,-0.4471259608271183,5
1.299727569376834,-0.39304496232230124,0.5800207010884572,7
-0.7481143741484833,-0.6137125971277102,0.5969701605260358,1
0.13355345619432887,-0.7056799488279941,-0.3842048279389654,3
0.8751795143360122,-1.2207083707383792,0.5953965747035217,1
-0.5587902503662779,0.10694050370464338,-0.0442526706407486,0
0.2716246984134698,-0.4583471266289715,0.39198121119636214,1
-0.4845126915222915,-0.14704301652608393,-1.583436896218193,0
-0.7484226068878499,1.6833676719105655,0.23607764344934262,1
1.5152916613922727,-1.4819351571848163,-0.3185336054700677,3
0.02507666698487525,-1.431447455656049,0.9342531636327056,0
-0.5513186313312762,-0.9443304833780463,-1.5247939177471939,9
1.474717743227136,0.7781731338350188,0.9964717989414323,8
1.3883706412828538,-1.173599212363398,-0.8345637633959557,5
-0.9169970787250812,-0.2784122644312101,0.715625969342577,0
-1.479178958616683,-1.6039389135197117,-0.8315169617261507,7
1.2821491928292104,0.4865158788403214,1.2397343454430398,3
-0.06338358971267312,1.9320152467640064,0.10690785661317341,0
-0.12171202975347106,-1.3235595807132141,0.49433011555077255,5
-1.4281262511652504,0.28516082588233194,-0.8411466960832713,9
0.646428429432251,0.575686018649816,0.6323844731158293,0
0.6520946051297478,0.08997318725403515,1.1796762548555535,2
0.09594598595203063,2.321910776996052,1.4032859970163443,3
-0.08632651187261926,0.6613522310251773,2.209442471475831,7
-0.3154645799054225,0.749269215984717,-1.611406859524497,3
1.458478612187312,-1.689840558907923,1.0995581016159508,4
-0.7992900413549345,-0.2730165112309957,0.23727542311597669,7
-0.32400511478015276,0.4448497166827273,-0.6191820280180284,5
-0.10380072568832635,-0.25700497629172364,-1.4946107002825433,1
0.305302247187257,1.1144823856236485,0.3493001307563843,2
0.5248459769220116,-0.4645968068197167,-1.1867272554853356,4
-1.82190932957273,-1.091650678470372,-0.06586803730426287,8
0.17100128520177546,-1.2192656422928252,1.0839445934494203,0
1.1955640220171542,1.2838411244133057,-0.6960070717288545,9
2.494445659569227,3.0414899859329667,-1.2776287281548413,0
0.34038042217757336,-0.14989578854606758,-0.30087673675940746,5
0.3453767092085922,-0.47500675598099606,0.7636337851398363,4
2.1081532760140527,-0.2630143879732081,-0.09855866573737235,4
-0.8509259236422939,-0.4786175570760309,-0.24998120204669927,0
-1.3986664009631369,0.751547146837851,-0.7356944142273074,8
-0.16532257730891375,1.225863706792116,0.5929389250477564,4
1.3754891658761756,0.9273215804344673,2.5498266719949036,0
-0.07260405564380132,0.5564317748980891,0.11715126271885196,5
1.2542667845401154,0.5312579376445972,0.5199561750438857,9
-0.3541984757983833,0.8369778561134633,-0.25604174984246814,4
1.6906928859236032,0.06030291043048786,-0.7184226794101597,6
1.7461029668138717,-0.4651619023773831,1.1834922645770065,5
1.4354546427995192,0.6053019741096188,-0.16992500102815458,9
0.24312781512804302,1.3910460410027836,-1.1583546215056204,0
0.6490006901666852,-1.1097651490006788,1.6158136207108982,4
-0.6157617196492559,-0.483932205464923,-0.41554095674460967,0
-0.6211978253643206,-0.2321223985245125,0.7053849057315363,2
0.7538373455081182,0.922188399072621,0.26076279276321773,9
-0.2430873573341517,0.26430395293375947,1.4352304783579208,8
-0.1945869053393537,1.0285804727649297,0.6168929583966823,9
1.652883450768143,-0.606903020889458,0.10619771900067845,2
-2.137924134243902,-0.8676449062867344,0.0776208507198873,8
-1.0075389051033123,-1.869122176769623,-2.45830966993198,5
-1.175744661801046,1.3321028066262262,-2.0603306778864834,7
-0.5233754118695337,1.394796991932056,0.20358413619880988,9
0.23863825857766321,0.8807014193791414,-0.0715650135423427,7
1.087347442687927,-0.30837191078657944,-0.7620647475666176,9
1.3627255440548716,0.6218925170984717,-1.4627857646794835,3
0.41885236650932983,0.6183323365217113,0.35684474746858197,4
0.7367623043558722,1.9129524612957085,-0.9695145394529839,3
0.0676562258408918,0.41902801679746543,-0.8745396047015089,8
-0.3308761566362923,-0.6623096682916484,-0.93076485035608,1
-0.5214744195844062,-0.7850806258722725,-1.6957200030605597,9
-0.26335709350915654,-0.1715771174259368,0.6313771609574468,9
-0.5275933678534577,-0.17506600688585233,-0.8634441112845667,9
0.68999676522635,0.8165430955821854,0.4782069178504853,3
-0.3479592732206353,-1.0430625567873821,-0.662341798767216,6
-0.6583543828353033,-0.3436609951233565,0.05266274783376871,0
0.484042751731227,-0.293082753939703,-0.7329374234169364,7
1.139413582698564,0.8829801227738048,-0.10810739792010705,4
-0.7449944604354917,0.5494186767900033,1.0744062653711564,0
-1.5016141693937624,-0.03149371350242617,-0.31834829823685423,2
1.7849005085254357,0.07943999900772909,0.20358150549489817,6
1.6917462469878748,-0.16828866499832404,0.0789507304562163,0
0.8666127397559976,0.7140048871866338,-0.6411811234674655,2
-0.7527803170495194,-0.17140774413756193,-1.5856922196262127,3
1.2089062383210545,0.06363928923577641,-1.0601575057393233,1
-0.7899718822919933,-0.9298248001490123,-0.4391838742500057,0
-0.2574227012745913,-0.11277561042173619,0.9962770284527926,5
-1.113777216866432,-0.0177536483159103,0.3216445101628637,6
-0.06623745725068475,-1.2457142665563012,0.1836564096820668,4
-0.24207430225517915,-0.33819415477084797,0.37347761083534076,4
0.8710597568256617,0.42613250512535006,1.7047194636758267,7
-0.7155215508438805,0.3574885774997379,0.08574620190126883,1
-1.012857895908705,-0.7785230653640544,-0.128671933962238,5
0.04608574686290373,-0.8853438082647724,0.14551035989086517,2
0.024880064535120157,0.3726253531574535,0.10672235289956342,0
-1.049526732513488,0.3860110561208466,-0.026096496143000223,9
0.6049859233801316,-0.24716716963554963,-0.7065369008640782,9
0.36730968327934044,-0.0725887343483333,-0.8815256215718291,5
0.1117533063748601,0.9059359725385137,0.7166708612906705,6
0.35322185980131665,-0.38070785999358847,-1.5316568286389658,3
-1.8741040117135943,0.4107884147623836,-0.49570573411287217,2
-0.0303784809942328,-0.6270381983357126,1.180166407360399,8
-0.6959917515742364,0.3942472338159447,-0.8525482188409429,6
-0.6941114865233321,-0.28190945182483856,0.4209921024327104,5
-2.121296791310234,0.7276396948260859,1.0827248050552951,7
-1.60584910738258,-0.34084012381047574,-1.551318314868959,2
0.2752091680886898,1.7343846514974401,-2.0283792169639403,6
0.7580875447398994,0.3917080910605482,-0.5416575539941506,4
-0.4697693266440401,0.6831315434768658,1.5923968438457758,2
0.13726252997708943,-0.28552611914775405,-0.09099246327039467,2
0.04993886229453462,1.4337825435153184,0.10487681862315719,0
-0.09690751232945284,1.1335928609018366,1.2618715365138058,4
-1.3615836157022307,-1.0879266361009945,0.18622366535219548,6
-0.12384153475049421,-0.03038416705701289,-0.2008795233416607,9
1.084977424952893,0.7555411408259155,0.9346262853773252,4
-1.7302866077279502,-0.6738536667510672,-0.09255289750746004,5
-0.039711156695741386,0.9734587735510555,-1.3655375084347239,0
-0.32323973642004666,1.9484188216461071,-1.0232151174340054,6
0.8441979429261316,-0.0586082220387976,0.08488767169562289,6
0.32829724418300926,0.16063962873601578,0.5848706092091988,5
-1.7526971006878203,0.05216457982315245,-0.19209595812351343,5
-1.721106376241758,-0.27246392420910037,0.5988684864129638,6
0.5797061379322509,-1.2928028660396707,-0.46488816785013226,9
-0.10931696331989726,-0.12940074353160103,-0.20921505160742668,1
-1.619408010739813,-0.21189532941303804,-0.6491302875643742,5
0.7176057591192752,1.1885691714732205,0.18509661558611942,6
-1.5145226776736676,-0.7458666910156799,-1.8748737036183893,2
-1.2445733218599115,-1.0110410180597829,0.6568096689535364,8
0.057085066920572934,-1.31029425572733,0.4555317733416101,7
-1.3745320561210432,-1.4247022569309646,0.5828402245505738,6
-1.0380983837158098,1.5571730365025023,-0.3124550847267335,5
0.09197404747835704,0.7171637551196789,1.1878721178648868,7
1.3440576716376382,-0.6609440742947085,-0.6573809772148002,3
-1.696924022235376,0.6147578421071909,-0.5194552160916,3
1.241807430067064,-0.21633784437402304,0.9887355199136437,1
-0.2768800493492884,-1.9690483899076814,0.692059919559416,0
-0.7185137635324533,-0.5245806859585973,1.4836660846413048,5
-0.9600122935437359,-0.5883448229868902,0.6077593408829526,9
1.1742866229196065,-1.3720027422878336,0.657146138639992,6
-0.22247323156268292,-0.9762322197195225,-0.8779720511910258,0
0.7687739161299888,1.323211927742461,-1.0031018399602305,1
-0.32481585333058993,0.8084755442106774,-0.36925792933062246,8
-1.026444829882592,-0.39758909216865723,1.0922473418982637,3
-1.2907797975115722,1.3737442344811663,1.1868162424822182,4
-0.271682780884956,-0.26429634277867337,-1.4882710385620521,0
1.0733795966436888,-0.08922935218481479,-1.57829264464555,7
0.12105902290527928,0.7850817899526645,0.5530342703316816,8
-0.30255555296940717,-0.17587389617329854,-0.08230663023452812,7
-0.3428635979264725,0.637639641009118,0.974646899813555,4
-0.23627035414903966,0.19939329500709146,-0.8038286743963488,4
-0.8848760747655597,0.3781352526565784,-0.17761492124869674,9
-1.8448367164109176,1.6161382309747685,1.3723235418801816,1
-0.7965592277841759,-0.33062970959608873,1.2356303825632913,1
-1.1767767431073357,-0.543366862615702,0.9625079061277342,3
-0.8557560134955625,-1.6329616840006345,-1.7716678958486032,1
-1.4474387574940268,0.8247715551103282,0.6219418563282121,4
0.058780158186693424,-0.1273009719735765,-1.3278729712115045,9
-1.6012757838889342,0.49080168236641875,0.13711839623725636,8
0.7035074323634215,-2.8528628731387573,1.1554005717362001,1
-1.4748866593305108,-0.4475001163271383,0.25300249333756597,1
0.882350235877179,0.3816147693875578,-0.2619284657941317,8
-0.8783364639830116,-0.3764098489215203,-1.0857021530173967,9
1.0571052894544175,-0.36835126970646953,-0.9881024461748745,8
0.2023030772723298,0.59506205842241,-0.9204679470983705,5
0.10026109196539308,0.4418031210685303,-1.0951952948081707,2
0.2556684975501424,0.3829381164512394,-0.6049933880075942,7
0.03994213349129048,0.69639341070258,-0.8815743457749545,8
-0.3189438348009983,-0.31767709076677914,-0.028151036311459855,3
0.5254196063933722,0.3006895836458799,0.2602519030247404,1
1.950745360289606,0.5740697779258924,0.9381422626991095,3
1.5497350444273785,-0.2865576033510153,0.3642781844788094,2
-1.7689756056633321,1.6212784937131333,0.2571460324402151,7
1.0727474838314626,-1.4064069311804204,0.9444257225077869,3
2.97515772376918,0.18755470827156773,-0.5163316220110216,5
-1.4743113752161725,0.05487729747741313,0.24326675049822122,4
-1.9262975303071128,0.9058553882268231,0.5043980369583532,9
-0.15157510279037326,0.7876948163472203,0.9532204590942516,0
2.625474880463264,-1.1567714076351967,-1.6996302292041674,1
-0.7126750849019077,-1.707675435810478,1.9517100618397503,7
0.92089224204241,0.4092215962940554,1.489959269124126,7
-0.04733610741995014,1.305117864196295,3.1789924930291016,4
0.050260347196637106,-0.3540923068766683,1.5095345419843627,1
-0.10264483487658656,-0.4045338035939514,0.5094923801243987,7
-0.48296561865177323,0.22469541196801635,-0.9515691374563343,7
-1.4047882696097895,-0.8109579510255761,1.1613190992078415,1
0.12073749016156644,0.6240833968632389,-1.6562886892653672,1
-1.2844893113298295,-0.4859524983493313,1.0619423834159285,1
-0.23532640849759281,-1.801041811884367,-1.043996893490227,9
-1.2430713363071648,-1.6907488631334229,1.5512288018278146,0
2.3471690501776896,-0.2096904054391044,0.6726275860165937,6
-0.22207723498770446,-2.3966903739176995,0.8477702247097676,6
-0.37254598942242206,1.606808739040017,0.9310538131044885,5
0.7768562817078516,0.19646013568048454,-1.7440599626269613,8
0.5605634164544447,-0.557989361472538,-0.24529626211441505,9
-0.10411227864277617,0.15424582806186743,-0.8639753887101599,9
-1.7985106107774076,0.3285173194715598,0.004894747679565871,9
0.2572850262349242,-0.6525487964172189,-1.2779295479389725,7
-0.31687798066823775,0.6999568041096381,-1.1030813015879224,4
0.3875117217987698,-0.6299414781155396,-1.6996830950917268,9
-0.9741233034390624,-0.3471873174626213,0.9278469651930465,4
-1.2588386317431806,0.9015510538828814,-0.11907484826278045,7
0.7325076012581547,0.6490136237501677,2.0350369830983035,7
-0.800455880914199,1.3606120432153697,-0.015709911623480264,0
-0.1201037188451733,-0.6075080906476521,-0.27465010687427155,5
-1.2695304203381759,-0.13253369581033372,-0.5030561587179263,0
-0.35904697689519477,-1.2727474303232813,-1.5848033116657045,3
0.04100717970504434,-0.8460504690853533,1.417722641939335,1
0.37662075404022594,0.20044948837325713,-1.0270974431456514,1
0.5703215056200669,-1.5039140848294474,-0.9296500823850409,8
-0.6007452812717832,0.46110587152162397,-1.7463822584972089,8
1.7994936277009543,0.16040529164169312,0.1395318415146429,4
0.7591699427782158,0.41839227107755056,0.09049748472090471,7
0.32571923262074215,0.40255058919742975,-0.9797132780675077,3
0.6590951982178798,-0.7128343781982535,-1.4779685311204611,4
0.005475891911354097,-0.11057243922662179,-0.7460677691315825,3
1.1542293860961985,0.08796511294237613,-0.8810022829712096,5
1.335136521502727,-1.119127084906681,-0.06387130244738533,9
0.8017715560939856,-1.1197164481864441,-1.9661155704135262,2
-0.4728594339255278,-0.3531763967452118,-0.5717456817147838,9
0.5121413089588124,1.667147737212687,-0.12331200035930692,1
2.1531698887975574,-0.019020398793578856,-0.22467633518017385,0
-0.08389303288426943,-0.2389244781594531,-1.849632551036638,3
-0.29908396114572827,-0.26277190040068893,-0.3902741796660351,4
-0.4408168099590979,0.13178853349849518,-0.7500077577684926,4
1.2481624840685634,-2.1431305450775895,0.8246688417934324,4
0.3666749429308875,0.5160937558044921,0.5622334955199337,4
2.040906372273616,-0.6680053577769102,0.16660803250288847,4
-0.5417362653164004,-0.380837183471164,-0.30168315010489155,8
0.7401554330535313,-1.0419637715159487,-1.835127349049702,9
-0.2547245078335385,-1.1336000120273584,-1.4320550883047454,3
0.6246992460812125,-0.6869591869734595,1.3955176845663668,4
0.53555789555638,0.7180003133554869,0.7551103898434094,8
0.7563877913248667,1.0317515741659264,1.3890652112859676,9
-1.0913986754469556,-0.4201075071677017,0.6197774168032099,5
1.7514815984330752,-0.3073132542029769,2.2942818962311096,3
1.078190587094372,0.5842182044339762,0.03652120765819048,5
-0.9577619141992515,0.07653810254993394,-1.221240464710926,3
-1.932122191866481,-1.0798765115330082,-0.867414276819336,1
-0.3396229355085447,0.14690215872682816,0.5773676560501964,9
0.7745893899620877,0.8128654495619286,-2.5583055838889686,0
-0.3680376410418052,-1.5571057031406241,0.2211273099368013,2
1.906844769702856,-0.3813893375729333,-0.18083291209333427,5
0.7400691842304652,-1.133226171570314,-0.4202991436707807,4
-2.3158053163142758,0.4723053045514884,-2.8726315301456813,8
-0.6652209151741046,0.05447059565173421,-0.18856032687680718,2
-0.06415060359823943,0.7075120015010938,-0.3076091808639377,5
0.3369543037040322,0.313103291120901,-0.06407683250491286,9
-0.7015503126903413,1.631984803029081,1.4575329367295433,1
0.5597549080501728,-2.255158789067676,-0.34955207015792883,4
1.3285632087863126,-2.0838489590587566,-0.2049226711061916,8
1.6777424951836508,0.045133615337708356,0.4157660399442499,7
-0.5734763016272897,-0.12430205681952412,0.4384621984530786,4
0.5172821095065969,-1.3705862644815705,-1.2125064036292246,7
0.3459750900386029,-0.18026309767273704,-0.3420001633752909,5
-1.2448838520481975,-0.7346588576951976,-1.778710533506559,6
-0.45790306903674816,0.79817145352081,-0.39056875499340227,0
0.646474718907422,-0.5499203486368914,-2.680585213749189,8
-1.1714540765308095,-0.31022956427804693,0.2941479859083419,7
1.6498495179402162,-1.497339225258772,2.05314817691491,5
0.2038874647339838,2.654762139523355,0.7127612490729718,4
-0.17953475805941999,-0.9690130682765389,-0.41555450413154355,3
-0.6711372607045523,-1.9210126959497913,-1.5841659171307911,5
1.12041338236926,0.6659831901604693,-1.2033948232391753,5
0.8588729950018332,0.5423264054411931,0.14453595080847234,6
-0.3202167449064669,-0.28617637691056985,-1.9013915579312635,4
-0.08454001451957287,-0.83341571885632,-0.6198679041592368,1
0.1365022604852563,-1.3647602119499327,-0.6775783242043325,7
-0.2965782783417824,0.37674731860003374,1.312563807029686,4
1.7318737328217553,1.551820409717793,-0.5985917728851554,1
-1.3186809383728557,-0.024845547773370197,-0.641399627060598,3
1.5091222059158447,0.725709565857361,0.5402068024259301,8
-1.1727116714812,1.5582993454136258,-2.397262815587597,3
6.590715560996444e-05,0.4951479744819949,-2.8460035292617785,4
0.8458956658688359,-0.10655257242085006,0.7393802107066147,7
0.441203964236785,1.1421068850707337,-0.7215730096201728,7
-0.439621270104911,0.5916052566629144,1.6438103806497384,7
1.2368288062429746,1.8489968086522115,1.1188328944958534,5
-0.907740535008609,-0.22141059696005486,1.4123436993883767,4
-0.7914838628683831,0.1336552381239525,-0.9501219484974402,8
0.010309298617406589,1.407358939035114,0.6233260300968707,5
-1.1035007053321453,-1.4349502028619527,-1.324077509761934,7
-1.1043926332809597,-0.9614154518046178,-0.3208469961667747,2
-0.8279850128625289,0.05326280275921013,-1.0508320048619677,3
0.09582666121141489,1.041425772320781,-0.7513701507804356,9
-0.11039508496743904,0.45424250036554814,-0.01912946887392615,3
0.5833817375013943,-0.5099283338918469,-0.49693432547876937,7
-0.9340190679638641,-1.0440975090687974,-2.3884525260425633,8
-1.0288385000691875,-1.1435513784518845,-0.4403158768787605,6
-1.311661919349406,0.7016051509493264,-0.07212330385622748,1
1.5498535455113702,0.5033583626207077,-0.9219543604499062,3
1.1833284497735572,0.10164386007601554,-1.6668469071293457,2
-1.3263233873498994,0.18343675209920582,0.5551801495891507,1
-0.7299232685973077,-1.8113401997229355,-0.0977798325196603,6
-0.6407349778014751,-0.05386590588641362,0.2858858793612029,7
0.7816200864385963,-1.9303752654615072,-0.24768842873665423,8
-1.6196201087424789,-0.5111146572554859,-0.3281452239496639,0
2.3381499708140763,-1.2179356009243987,0.020382819791303387,9
0.6634807055616062,1.0565210310590882,0.8980468493252094,3
0.8541439116475522,1.9982862746842218,2.2823861893168376,6
-0.7689888583230888,-1.5827828124230505,0.05585557967473187,9
0.179742547472837,1.6671412712256128,1.2068022572581234,8
-0.3627757442712099,0.7051785331885676,-0.6165487417019478,1
-1.5653135880290439,-0.42314001281720487,2.855274268251691,7
-1.6448831849767747,-1.5895328757761724,0.17217430823432203,0
0.40474532278729985,-0.48414017447766244,1.0110168877085828,5
-0.021481001134745804,0.5385742331130459,1.734548676365805,3
-0.5822552173828376,-1.5993141638633732,-1.1472745029582287,1
0.5613625453541529,-1.301903581558837,-0.7945305938755355,7
0.5549983246006697,-0.7324345454224286,0.519683919857006,6
-0.7494554852196316,1.2146745275911068,-0.6162768989500562,8
1.0520588393352708,-0.5987468886116827,-0.08124525414693282,9
-0.643876208258777,-1.18021394761476,-1.289003940382751,5
2.503263370180703,-0.5320311062276221,-1.2224795965021689,3
0.830412518070574,-0.6598118163401829,-1.0531749569174713,8
-0.6879037076753188,1.4161047060291416,-1.5318576602225749,6
-1.1947741843314588,1.787789106698661,-0.1886896595072866,9
0.7367715039070548,0.6453570390032813,1.0661281851066537,4
-0.5371990513484342,-1.9305041334219526,1.9505988169680102,5
0.9437616034525632,0.9914609280788282,-1.8061320639876592,0
-0.33771411105652704,-1.360402047004578,-1.1505395440328374,3
-0.0860251714451029,-0.5744130735576506,-0.8752287716329642,4
0.6187636133930949,1.79019972198568,1.4612399170003294,0
0.9624675363613716,-1.018694425033077,-0.49150882535400425,6
-1.4409385926165281,-0.9977074978446718,1.0679066038963057,5
-0.3061659406173152,0.5181580606027467,-0.11481679734211159,9
0.9820238185939177,-0.6164488581621678,-0.31045027448203066,9
-1.2424898679890908,-0.7513707244024846,1.300233371230968,4
0.24132854067497644,-0.6128311449636877,-0.802179927336903,2
-0.006788885540759774,-0.1875200385409656,0.12056902137870805,3
0.34743687541606455,2.3110501405283395,0.966334092695271,6
1.2966630173469693,-0.3341830563897554,0.26022404580520847,4
-2.549338191838295,0.4160730305319891,1.5453730527154932,8
1.5120119991077279,1.8443433701388177,1.9910791779814823,1
0.21856476046197038,0.9360920057818432,0.26147517989640706,1
0.6767231865502917,-0.764271253101562,0.7168022177508403,3
0.3405719164566643,-0.550079246116006,-0.32433392047014364,8
0.747684318134336,2.4000369058260462,-0.19891609033973887,6
-1.0832706255829405,0.38630487181355744,-0.2561585525505865,3
-0.05202276160799781,1.8075292260299862,0.4918175570079111,8
1.2179831407381954,1.7634384740164883,0.4791867552825411,9
0.16799212055490342,-1.456266233538465,0.10738659241184183,1
1.7855002613994855,-0.013084939435880745,-0.4746966363000677,7
-1.5710019535388506,0.06733539815825501,-0.9417078540514385,4
-0.8175333659341948,2.0231248309310876,0.5522653402197433,0
-0.5842839623932625,0.41086918485847584,1.7037191349532756,4
-1.8000899546617497,0.45894182844268533,-1.1848018220956158,5
-1.0439648982069352,-2.2411183025938004,0.10155371870695241,9
0.32824302729006094,0.7410099131774533,-0.7686447686027891,9
-0.863058992264955,0.8173982896991521,-2.087503650863711,5
0.38969285098565676,0.037959894102183526,-0.9639036716468922,6
0.5399964445494214,2.5712097964441987,0.9210770389659373,6
0.2533467466223696,1.7594958302906658,-0.817759043367943,1
-0.6967020066281642,0.4671770290286859,1.0320975997834727,3
-1.0918440206256992,0.019123615060174317,1.8144930367217458,8
0.03645536095544859,-0.20718286211509976,-0.2537199260436962,2
-1.7976908974218775,0.8801194880592299,-1.5225088079100844,7
0.7430089956024651,-1.9406661140998653,2.65249217693228,4
-0.5423730983999202,-0.228700672833831,1.2952529424183998,4
0.47226367159412375,0.4762855684914938,-2.351978487842779,3
-1.2839090175301164,-1.1978676399987016,0.23723628282692455,9
-0.31524062723825624,-0.3843564206674842,1.1687740139688263,4
1.0631397665984557,0.6796469149690292,-1.595494235030147,1
0.481177217765794,-0.4221678432229204,1.4298816067427478,7
-0.02576568878776147,1.0232076859142483,0.9120867595620011,2
1.5072018684760913,-0.5536061725235988,1.667739684965694,2
-1.5522913840084327,0.33634865812473463,0.7082352820804904,4
1.003571266226231,0.7929691219893908,0.7995897147064117,2
-0.6515678440402926,-1.9145962184722616,0.82656358691184,3
1.1174925845267616,0.8700793625436459,0.1584938065620816,9
-0.29257252679586965,0.011123152359015209,0.9499097344275668,5
-0.8508989441903799,-0.42412636117667624,0.5241401465457005,8
0.07416961182105607,1.7522315398957307,0.7931488913871448,4
-1.1264274572501363,0.580061826487457,0.18890755328686765,6
-0.8048445606552741,-1.010436958588233,0.05672859761899786,6
1.0428730049518766,-0.3116928160078824,0.0006918714479335523,0
0.4626794507930601,-1.480752957632155,-0.02667639304909105,3
-2.26286363143261,0.5984876654715163,-1.3912302657801674,4
-0.3375137801022865,-1.0969076141073686,0.26820755316778605,2
0.3509953774474082,1.0542321421364402,-1.377383373364212,3
-0.10700056000106575,-0.44399087514558727,0.5241894077052449,6
-1.0405737992585697,0.9382800743329205,-1.0537127689484325,9
1.5902917027019432,-0.36311422286758815,0.006688334748332426,7
-1.1693459420267343,-0.13597220862902695,-0.8915937298879962,5
0.903077053342927,-2.208462324338687,1.0654676115558592,5
1.3695045252677516,-0.07771551594387342,-0.7932389789982842,5
-1.0324684165584899,0.09791240749859381,-0.009959871595649759,1
-0.8576559476340049,0.7868731337146897,0.7238572525909187,7
-0.8278880011381673,0.14609357151300578,0.4120954423217402,5
-0.3415818030788244,-0.8299670772683456,-0.1549023031629665,0
-1.165678962982539,1.200465883262783,-1.2107481701224585,5
0.5557872076271897,0.37872826780252417,0.4878004691057109,3
-0.07650922841602,1.1030503548724835,0.08275307383914028,2
-0.9210371532752718,1.07985515628482,-1.2768661255357217,8
0.003620186901061059,1.5741625712440679,2.1422183730301625,4
0.5334067137118713,1.7475378399744241,0.2403751877722729,0
-1.6633171454994322,0.5566166392056189,0.5468130086961348,5
-0.5433236585396893,-1.4318588039691609,-0.1752527342549755,4
-1.4131320838606558,0.6855923004962632,0.15574809541957027,7
1.986706942305395,1.9984104420481934,-1.8702044188525577,3
-0.8913126305236477,0.046931933268161814,0.651978502920281,4
1.794502240427706,1.00446650642528,-0.8100154344474086,6
0.9250636954608435,-0.29955321016447767,-0.4826701588174248,7
0.07840151862048779,0.164616589739371,0.9945087860744083,7
-0.2322614114686373,1.45724943272518,-0.44644351885218014,4
1.7547549886865808,0.08805211609429275,0.24041819468822856,7
-1.6753380772807265,1.4965780195236116,0.9849143913246944,5
0.5273094507476885,1.1714697659012014,-1.0893858598061101,1
-0.03412238488598215,0.40326043250665006,-0.2682885270291877,4
0.1225122807136104,-0.6977158145252067,0.2823466030140332,4
-1.1096245367680513,1.4088042258375075,0.02283106188353173,3
-1.8474268838851093,-0.333713420542846,1.086983416323867,0
-1.816962956815555,-0.7714605219578925,1.0217925638225311,7
0.09749293132470155,0.7910384642017501,0.25575842801316057,6
-0.8534975087134218,-0.36822281501307197,0.3815675450632928,9
0.7548301645445215,-0.6416918686004165,-0.14551981095397165,6
1.2181778952493887,0.09331534129862087,0.08090428674492145,6
-0.7271503342641106,-1.3338111571854345,-0.5686046010592859,8
-0.6920921386410172,1.6405205713382163,0.6334463346882838,4
-0.7520964383023698,0.8740057978712145,0.13770643168564498,4
-1.4450626282242673,0.48808592224343883,0.051257653926042784,6
-0.12644713599195426,-0.9782057092097928,0.7162944755184374,4
-0.8788601460801587,1.0227047398711508,1.4515024500182478,0
-2.4813838796618293,0.5582195235940327,-0.47241564696893623,0
-0.7747633201715671,-0.8245784490549436,-0.7443006416778276,3
-0.039295479479504763,-0.1310625801031808,-0.8993010965469362,0
1.222133925240989,0.14021452541893867,-1.398274201925442,9
0.8534878140024588,0.16403275490653943,-1.5241238727556512,3
0.9476192387382041,0.5726949504137356,0.2482941256250702,0
0.44945650921725755,-0.5699902074296513,-0.9937107104375571,1
-1.4176410254153045,-0.5480417085610503,0.41362539750865074,6
-0.0018445755796202823,-1.088651007482296,0.5980093585114773,1
-0.6722027528419341,0.3963277696515829,-0.6989550250302277,2
0.4030634935941383,0.6254114657593064,-0.02329369490463867,8
-0.10555010536137786,1.001849186168992,-1.2297622280593548,8
-1.0950659919235393,-0.7667906727772885,-0.17243858366018963,0
1.3346003346668784,-1.884755625034006,1.1931631204697661,0
0.4802202622914822,-0.4247681574316862,-0.7379705264308993,0
1.7360342537399505,1.2575823387478169,-1.7201896092868179,8
-0.8023706655404594,-1.3365922054176178,-0.3679372935453528,3
0.3357557281895269,0.8611293505272454,0.6133761537960429,0
1.4681045599364797,0.9147125794818082,0.6817814737437948,2
-0.15247307984061448,0.6250886318812042,-0.8902836641180991,5
0.48190920850599794,-0.17331931928670855,0.22747840997200028,7
-0.12290012922615723,0.37279399804518754,-1.9134717210192784,8
0.614189545442623,0.14254251267418877,1.288238781048889,4
0.1369583618757794,-1.3348438286749844,0.06870440127653732,7
-1.395658354510578,-0.6332327973076137,0.22947200328962677,2
0.3424102216612251,0.42794111010640096,1.2630052327495447,5
0.5270428737082661,-0.1004841494883116,1.3759034209714947,4
-1.5710173206352547,-1.6673367951359794,-0.1852253312286042,5
-0.44616024396989173,0.45240008618855226,0.8682738475216949,2
0.48182743132381495,-1.561207069176153,2.260901055027388,0
-2.065010312939581,1.2894372148223596,1.5092612471673377,4
0.6234759011539476,-0.6228807047564261,-0.13486089585413902,5
0.516711555773869,-0.09994821542348317,-0.7347658370016574,4
0.6396484234126559,2.2607579794815096,0.10877786907880357,7
1.1160345901684443,-1.9909731584192905,-0.3791350033075506,9
0.3216122479395556,0.19692517154709732,0.10261755788621126,8
0.6750908411692434,-0.6284874463719551,-0.7526129123374147,1
0.1953331395935317,0.7282406629569196,-0.4192703768964286,9
1.673929614475163,-0.3250870273300956,-0.003934071274439433,6
-0.19072436865892314,0.3965509192395957,-1.320778793056325,2
-0.5731154614201771,1.0781016521771747,0.338909782382696,9
-0.2183911640170359,0.9992877114830833,-1.246471072770039,5
-0.7958205636857022,0.7536121411475684,1.5440105372028887,1
1.1109658217255935,0.07041654637099141,1.749922629614076,5
-1.6604808963308018,-1.3816012927177324,-1.9814001738132618,7
-0.38523479895392726,-0.7321210815474761,-1.783707335840086,5
1.0304488727100065,1.1805749910052923,-0.47721734429436796,5
-0.6775077019207508,0.24308388194514755,0.1987517173716768,0
-0.49717090993282115,0.25998024458077573,-0.05817504808948803,4
0.14054249828664975,-2.2117881782496065,-2.598343798559388,1
-0.9726494860627602,1.3272959880397273,0.9849147807775464,7
0.42798637682042134,-0.6956704169767295,-0.3530930544178418,6
2.324626880481971,-0.5683644232725323,1.0363572171721613,7
-0.7220594366387966,-1.2410333014083939,-0.1322658210364729,1
0.507800514958991,1.3700863125477276,0.40745930614205916,9
-1.3202949410307065,0.8897577498633868,0.6272503929025414,8
0.11080692456963755,0.0382176856375346,0.003684991941779678,3
-0.9165487718683271,-1.3460965891457453,-1.9247130326618962,5
-1.1893530023387153,-1.1366686074053556,-0.47882792982047717,5
-0.17162194004045964,-0.12718807897088047,1.824730902920485,6
0.0020385988363989973,0.909721603149378,-0.35057545110429117,4
-0.5969301740634693,1.222241748295259,0.9244141056527868,4
-1.4375648508615793,0.8388050838781823,0.15200600208315124,3
0.5298238321342497,0.2706474751604926,1.8159423141582511,1
1.1583404721075758,0.306791012356078,-0.04247418655921153,4
0.764181931880434,0.2652511483569843,1.9585257323880134,0
0.048282643344940215,-0.1749592894451052,0.7544091305190567,8
1.017784873726927,-0.9562027410394567,-0.9732384548718089,2
-2.4371248865659045,-1.419698959439734,-0.03642107047301095,5
1.3808259915356178,-0.834365721549393,-1.6249244109316794,8
-0.47081010183983274,0.4609099564072957,0.19960445946486458,6
0.03989461727245482,1.1199805688540732,0.17436520224395016,3
1.8391294590818943,0.7789477684712138,-1.6799727501231787,1
1.0425761322051603,0.30081184034641795,-0.7665203013262899,2
1.3933115341618492,0.3434611235217619,-0.5348869271465471,2
-0.3425610425595877,-0.38037477973742767,1.4080514389584173,6
-0.9781863251220607,-0.6354396009260798,-0.7553822449001821,2
0.09566652223049792,-0.6582972221155905,-0.1186788793279581,6
-0.09629643485984386,-2.0305893011698504,0.3564509904534369,6
-0.17135903746634612,-1.3244722204757486,1.2676540321034713,0
-0.2291503337370981,-0.4904244096773604,1.6643702682386607,0
-1.8838024561350082,0.5748922236170683,0.5948349383207898,1
-1.4701734715132322,0.9589869680281562,0.15549115440789907,0
-0.3636902334615373,-0.5711416265648384,-0.9169204237159283,4
-0.600380494188164,-0.34058425379143825,-1.162123879438962,2
0.15019806164966013,1.5267268993595513,-0.4107640582150185,3
-1.4051279318237322,-1.5599580455734374,0.181608582925799,6
-0.956646239709428,0.012366620632421717,-0.17642119711793477,4
-0.10466446083585991,-0.3413487064703502,0.08056410138650263,0
-0.09886015860424582,-1.1116026286743876,0.5396063124024022,0
0.3995344934469366,-0.5091675249956923,1.0364824741164163,0
-1.4511549803575428,1.187744969384,1.0830146809934509,6
-0.25960510237462325,-0.681148155724621,1.2195460282159414,1
-0.4105480429278548,1.8329944802654634,1.3469321249524333,7
-0.6567021592737161,-0.41678856708123535,0.42786854975414645,4
-0.24416148643350985,-1.836131517685654,-1.578633896574752,3
-0.5823498621157245,-0.30807365499572437,0.9212793330072613,9
0.8677740219726793,0.22731162361478813,-0.8234251998683735,8
0.18326537972928042,0.40303535336150814,1.5785047157530783,0
-0.03374829949078445,1.2411940940554433,-0.5145841974471018,5
-0.40812782159099376,0.659457431799979,0.3495372645107172,5
0.7446347722845602,-0.01844482572369987,-1.446243990329002,5
1.4549297697454975,0.03253702804271377,0.8293371473274753,2
1.2699651224232624,-1.5057042657039388,0.8264779326722502,1
-1.3050119533624414,-0.3000764620440018,-1.0412379179123827,6
-0.269440724431937,0.26695899526596617,1.1543445288776992,6
1.013684231633744,-1.4495428104137815,-1.0390409136636045,0
0.1339188401992118,0.8174394323146086,-0.17744991992332096,5
-0.09849633085209322,2.5562720985536864,-2.195862023216306,4
0.1209997636227119,0.12079741810689947,1.3240373462776076,0
-0.5264959337735038,-0.7132867052997826,0.047459176209888466,9
-0.7366473794873407,-1.706262605253475,-0.5355713722339709,0
-0.7313321679338329,-0.11182312925539534,0.47605266911779376,9
-0.38796007044584707,1.568125128887151,0.49811469592866214,0
0.5442585576133752,-0.5762088583123828,-0.3176161883406911,4
1.498262988071695,-1.0434278915536652,-0.5060121584713647,7
-0.6920311209465767,-0.7549235491318561,-0.8626504620411092,0
0.3083239012283219,-0.4991289301889289,-0.5761416059870514,8
-0.9554752701089453,-0.4196320370740949,-0.8272159336678819,5
-1.019403306695757,1.3734910090830785,1.5860914958810024,3
-0.0332360880820682,1.1551004914771648,-0.11632735648225127,9
-1.0442831647468145,0.37836500761094466,-0.603228828941049,5
0.1450082968089532,-1.6381725506247509,-0.5765146853527484,9
-1.8400239302945234,-1.1834571154881859,0.823985466064756,6
0.14767681734414723,-0.5116135460580317,-0.48824977523065644,8
-0.3142351479370186,2.5963955865825405,-0.12680605320442576,5
0.28159294114766914,0.05324023972414275,0.06963987433111782,2
1.0973000321652484,-1.0195843311400943,-0.5480461570203654,4
0.29793109620545544,-0.9153763583640191,-0.33877686129794343,4
-1.0413125835920465,-1.574674331846544,0.583184135012167,5
-0.7813741478178818,1.6093069520589969,1.2111145009571533,4
0.25993976051310536,0.7568498275340261,-0.4341936947931339,7
-0.2103192791586407,1.3928928876556887,-3.040517872869406,8
-0.40418361986101775,0.48798310607674994,1.0026122300824012,4
-1.4889880854070392,0.7769055515929992,0.8531692974974173,2
2.007831648952752,-0.2913403143606251,0.6945872923183066,9
1.4121032388825967,0.6900511116500824,0.7086732905991509,7
-0.2659587916423494,0.4855443712241022,-1.086336201228955,8
-0.9639943556799342,-0.18151037617083707,-0.9859067049763757,9
1.5636661307012392,0.3781647331239761,-0.12437789908834189,6
0.5160161684121148,0.6954143034677529,1.725161852614276,0
-0.4122176415299963,0.7765404435962922,-0.2364233811775882,3
-0.5741982564717376,0.4157223332025804,-0.4520984375665227,6
0.6333471982754767,0.5842969612219464,-0.24658383588901983,4
1.3760629361016978,-0.05341279918291406,0.06547310010678516,3
0.6378628884237374,0.25090429593699504,-0.8415360096834118,2
0.5058557324016533,-0.9665462276523121,0.933024221924685,7
-0.06581510601095134,-0.11540949645389893,-0.2850688996702384,7
-0.8340644178942149,0.2424699837404644,-1.2870432883827765,4
0.030922072060824316,-0.6865935573962811,-0.8390657961673255,3
-2.495311311069227,0.34579547005741046,-0.07933359304774655,6
1.4222538454560594,-1.6057598128571346,0.04536727059056021,3
1.1287527542823503,2.8708118648298675,0.01978670700331279,1
-0.25997094021778944,0.7739893931300368,0.024743218087632225,5
-0.8428810123073422,-0.21004677854851722,-0.6046895752491493,2
-0.2124928087099782,-1.3372739717510542,0.27907831934361654,5
-0.2601408156493634,-0.7183518134390713,-1.260333841368048,4
-1.4447438399036965,1.754257186211716,-0.2519796254657019,2
0.7734305557858321,0.325008019761253,-1.3132252568852407,6
0.9793272395600316,2.2248022484976953,0.8844724459143936,9
-0.43304509296145266,-0.688812462622536,-0.5953754344157506,1
0.324972267865946,2.055846410238514,-0.3521473819529636,7
0.7488457158423799,-0.528961316565297,-0.011040659439154377,7
0.3716414496155859,0.3026410144408159,1.4227324496460372,5
-0.2986384424140199,-0.33629312288319696,0.5391699046527035,8
0.33335283153553136,0.15300379151063725,0.1534871275314539,1
-1.146474248642259,-0.11017058298380022,0.6967085237715505,9
-0.817749268342498,0.8301173079315508,-1.8975440605899419,8
-0.2510720839426469,-0.23527147849857064,0.023038953087770736,3
1.3508891794393518,1.582368274495286,0.056077524965308684,0
-0.4958775762570084,0.6981273856468365,0.06423180129113855,9
0.010236794829410981,0.02103932416038745,-2.8320625254186558,8
0.2674654152496707,-1.4101305848421966,0.2112347970034197,9
0.2767016112621531,-0.21591323117136302,-0.28916397302105207,6
0.6024923205625035,0.7155586251613226,-1.386709128993151,3
1.7675412799807646,-1.8226533091717239,1.418117420475122,6
-1.6005760421786481,0.2509787683262175,0.7110029400584545,7
0.5873453577890884,2.0924029439087333,0.1919499325786236,4
0.6199400328627139,0.009159431600983647,0.2282552471678202,8
0.6853716601225419,-0.3736002079456034,-0.09637085135095697,5
-0.05850297999773269,-1.6188326006581912,0.555324308726211,8
-1.6785700429981472,-0.4571603554309711,-1.292765327818807,0
0.5488112976761592,0.12963590134710296,1.358960064040209,8
0.947233281505597,0.1592931805520936,2.124416968540041,4
-2.6062119256436316,-0.2225107498322246,-0.36969762598243544,4
1.6406169849736565,-0.09289351136867746,-0.09697422850340826,5
0.5922073617091036,0.5250780304649865,-1.9360369672194928,9
-0.5597282726475494,0.8585696960485619,-2.3303274015803783,5
1.8995564562782474,1.4178452886749717,0.4148632824279916,3
-0.3413728671366731,0.5550144564586569,-0.8630958544118167,2
-0.09430309053660393,0.7646041096248061,1.2475550700079394,0
-0.4883226762635338,1.2090055583500094,-0.4176170751584484,5
0.14445078414892862,1.007310689388959,-0.4229805810595426,5
0.07593023946007313,1.1718647709689909,0.734931838054764,4
-0.7227003392455577,-0.6396107117385376,0.6666593834450815,9
-0.8472482533171929,-2.766865433487314,-0.7931522744290516,6
-1.1327897944264842,1.116265921492492,-0.1660801471037404,5
0.5998714816369857,0.9021955834807931,0.6898668055071582,9
